x1,x2,y
0.1257302210933933,0.6925351327297246,0.544985055304323
-0.1321048632913019,0.04622953188085499,-0.634349415002339
0.6404226504432821,0.608365295499556,-0.21727730894556707
0.10490011715303971,0.21689181781054045,-1.4954051228976553
-0.535669373161111,-1.1116144366493221,-2.216003050537594
0.36159505490948474,0.09449930710852228,0.23947493482117593
1.3040000451301372,0.5649772091632614,-0.2707338782663242
0.9470809631292422,0.8563715966605514,0.9319749734005212
-0.7037352358069926,-0.8349872538473451,-1.501716107717848
-1.2654214710460525,-1.0343667375867163,-1.6915860137231093
-0.6232744625373522,-0.5372658516603529,1.502093231500775
0.0413259793472436,0.014875591025288279,0.08958850897744487
-2.3250307746388343,-1.8773981806668325,-2.668583693047157
-0.21879166393254573,-0.5012223843378357,-0.3921274968790477
-1.2459109472530652,-1.5237301555807194,-2.719568159909759
-0.7322673547034516,-0.9179920384395741,0.6068819086974352
-0.5442589828573099,0.10036198403597618,0.30355743636318344
-0.31630015636915454,-0.06595922186289724,-0.848295288093741
0.4116305363741328,0.6227821093953141,0.6409187053109368
1.0425133694426776,1.5239946537063158,0.3709356436309338
-0.12853466294403426,-0.692543196941809,0.2677465666354058
1.3664634705496859,1.3481469871806593,0.023490752092527822
-0.6651946734866135,-1.0696927913906635,-0.39772397072124915
0.3515100700930197,0.11404175664097185,1.8527799084828969
0.9034701816518086,0.9648960667067747,1.34975145596153
0.09401229776087457,0.8823824717769116,-0.49607708935789535
-0.7434992493538084,-0.9858818707206409,0.20627073008308594
-0.9217253762584194,-0.7847784278036569,1.0288176200814727
-0.45772582566733916,0.21193774144358735,0.2732082075104731
0.2201951234700494,-0.5687479609066466,0.3174291363493396
-1.009618183538736,-0.6266380894777082,-1.8118365102241012
-0.20917557487171307,-0.32147953509631266,0.22646345438906829
-0.15922500991447772,-0.5682274936666102,1.7630417349453795
0.5408455846858077,0.5059918792854505,-1.4760345830220327
0.2146591225063409,0.4691902289284847,1.1919485443365732
0.3553727090399214,-0.1717517139311679,0.5031645830938978
-0.6538286094183394,-0.33306799661130093,0.8595280686698956
-0.12961363369276946,-0.017005912144166913,-0.2575486498146611
0.7839754700613295,0.006273723047706459,-1.3797470301897088
1.4934311452207607,1.97145134964667,3.4848685360487455
-1.2590655321041202,-0.46230109077322357,-2.4184484262886174
1.5139237747390626,0.7811756458466912,2.31424399657302
1.3458754237823045,0.7833848976604206,1.2183051398613938
0.7813114007004275,1.010439237434126,0.7417251050874353
0.2644556303293035,-0.036160019427993184,0.40207948696385676
-0.3139228145364278,-1.1709975542404516,-0.8597888824274785
1.4580206835369587,1.6908576030299307,1.644604540606612
1.9602583164499647,1.5725973646428584,2.2679333362097096
1.801634869866125,2.394820991375359,2.603235431591914
1.31510376473437,1.2308165733719891,1.44012527492233
0.357380410658956,0.3814005732186712,0.6760725691242497
-1.2083186322821715,0.47059533487132854,0.11986588916357688
-0.004454133120083229,-0.08949697947178244,-0.9064759427185333
0.6564749350763358,0.049272065622629035,0.7266188319791694
-1.2883614637495544,-0.9160901812150195,-0.8100489495103775
0.39512206018200824,0.8839750996561396,1.4305584626270085
0.42986369482223,-0.2386691162354303,0.3662815518973797
0.6960427239628685,0.10270162451756659,0.7953916101523265
-1.184117966757189,-0.7224058242175365,-1.5290648988855673
-0.6617025720390349,-2.128034753473042,0.5785534555003168
-0.43643524714322124,-0.8954875267057301,-0.7576072977434405
-1.169801907772864,-0.5380994849972566,-0.48450930792264457
1.739367877130134,1.0981243436275592,1.6374927779979833
-0.4959107284421519,-1.209970149099249,-0.4650660146953015
0.3289696294602021,1.225959032782815,-0.8940885859688947
-0.258572545473924,-0.9121256150157734,-0.20186046660624254
1.5834728788021222,1.005095529561745,1.5538267940554797
1.3203609870818391,0.8699230400201237,-0.1632394981651275
0.6333526228249152,0.5482542952487829,-0.10708777227872246
-2.2035098806466507,-1.9475605054692948,-2.657362166534818
0.05202897425988651,0.0011406401243542336,-1.4766756142750805
0.6836861907765345,0.5756962421591825,-0.5334775771019741
1.0039615758421696,0.7598310462905243,2.4735248813913318
-0.6179070447076008,-0.44768871541945987,-1.647889468459152
1.8220113633283233,0.26814624675447885,0.965333379369883
-1.3204309700132935,-0.835812427126853,-2.7161920813069496
-0.6615280218152191,-1.2314507664426935,0.5658538963307029
0.9350499881140221,-0.3352827651233129,1.8532581516104196
0.049054613825311656,0.7299176443058528,0.3672712321570792
2.002392583645255,0.9591564273166513,2.086633286937386
0.18851919251246557,0.240749906987077,-0.3033545570312021
-0.6331940901922267,-0.8928360156862207,-0.9176032508274901
-0.37756350523280824,-0.6412839121214702,-1.0517182454118523
-1.0911461176191954,-0.6310895098042772,-0.4328786955260532
-1.277680166386608,-1.5462566127050406,-0.5854857908920825
0.6304114907682319,0.6906663303220766,1.543039914291907
0.5811658124128057,0.6552788880517493,2.630060846554783
1.294558819441117,1.617871012520967,2.0017274518767696
-0.7546057912599311,-0.7717912432564704,-0.12007737243215177
1.689107452443673,1.8745770886370439,2.692805429509933
-0.2873877078086663,0.6304371871240994,-1.8293975656548533
1.5744082788445868,2.052867762785902,1.5791407432513436
-0.4327858471825968,-0.05319019935038005,-1.945288745052799
-0.735483292342275,-0.363803597909318,0.8417688701729721
0.24978537155866684,1.6245557776099038,-0.24322424526980838
1.0314530848694723,1.941250447294356,2.804573854547132
0.16100957671534466,-0.25450098068211124,1.222532677095256
-0.5855288241233366,-0.0066185411595247046,-1.13776502985804
-1.341219714076669,-0.7719961552295512,-3.0009862076359566
-1.401520214917428,-1.085082441184782,-2.525537548665992
0.5026828498748657,0.47880242896096803,1.541404053130803
0.989713033285805,1.035662982859801,0.6684104285568935
-0.1642945926252907,0.33724356456456706,-1.6455796887119665
-1.0743648582284346,-0.7501069557569305,-1.2990765688872032
0.8730421526217066,0.8683305793772488,2.565748151203698
-1.2803939447145731,-0.3282449987003381,0.32884291869909243
-0.7130680950592722,-0.41159435433373337,-1.1861542473460058
0.6210178535400985,0.7693255236886196,0.9291330538950959
-2.2501411735745918,-1.3049978905699562,-1.637395433543945
0.38636959756630584,1.1257268860822556,-1.092795555907498
-0.5816408364095031,0.14820779547259605,-1.1145633217717936
0.10927969747781388,0.27603123439569743,-0.29613368102606763
-0.07570152622082311,0.043346506011373485,0.32835066046375955
0.20211439504395987,-0.4501102728905389,-0.3081869286245664
0.6941719367070082,0.7013688214173823,-0.703215059814463
-0.7583697508984092,-1.1252806806916387,-0.43416293776754483
1.4209820223119163,0.6247658970916542,0.7789746633139694
0.726093788947765,0.9061294948927376,-0.5018024011767646
0.843732662303268,0.6246975380547372,-0.3816641372995818
1.1648639811110282,1.1679959329035068,0.9418856531806952
0.7875882217058694,0.31658901867569605,2.2386452457590753
0.844078680578592,1.2758649482009552,0.6695327013266561
0.07559361074288512,0.13236097862242538,1.1487186947979164
-1.4267738509897323,-0.5475549172749767,-3.672905404945424
-0.13504510003701392,0.22868416506130168,-0.9737061588155507
-0.7695146401767057,-0.5329871928420336,-2.0275044774587645
-1.4227417685154136,-1.3774571203676917,-1.6972969548151766
0.25845279091298756,0.22251602155482209,1.0286475994000273
-0.5685494541476426,-0.040834320574803795,-1.1150162715111618
-1.0298044380114637,-0.47501468333219116,-2.27429611203079
-1.0430010800715654,-1.4321931903091234,-0.09526166333467612
0.26841707970891465,0.7275746901401046,-0.49371542761779735
0.35867194917034445,0.1799835885987215,0.6312300553464387
1.3224574697668332,1.4655978363154052,0.657460205081309
-0.013914668524093734,-0.35987586552455575,0.5032118533799345
1.0418397592128221,1.1523994511985451,0.6582926051784665
1.4022648267725224,0.7235159200049168,2.197422650592532
1.1501656361496921,0.9848109247493713,1.771170057085239
-2.3653039062769743,-2.0412580283814044,-0.14403445443564822
1.228683719203421,0.8401606919330327,1.1485093210721007
0.33962000824864264,-0.011597615196539124,-0.6357113237731704
0.42377135285334727,0.2622275341574234,-0.7373459044858264
0.37122741773625884,-0.5733354108947387,-0.22608966401960778
0.3827571602707609,0.7445055749173183,0.7580714700710557
0.3194142202523809,0.7363746697460987,-0.39441079504482085
-0.35891330853862047,-0.5085175832543876,1.1600542301735304
-1.9016352983759945,-2.2111855516547623,-1.701317132821936
-0.10891472790742324,-0.4104864172360768,-1.0859336830494464
-0.8037318485206766,-0.16917831396760347,-1.2666850986600853
1.0801634125378852,1.176891116721195,0.4417829608968231
-0.2887665059953775,-0.38118998525568937,-0.1104992483749811
0.08347535610700986,0.5154176749558999,-0.9418982614425331
-0.8496059556101431,-1.2004251426543742,0.4323583571714188
-0.5106224678981267,-0.7148161398639972,-0.8669318163323221
-0.011533061686586776,0.2280771739924754,-0.24881274336229087
-1.4853751842635452,-1.2362568122630655,-0.5622252304122838
0.3006851142946058,-0.05406475814191708,-0.44778686740698875
-0.10607225344775092,-1.340921668013902,-0.107443450958428
-1.1857198050052338,-0.6129676766981791,0.6064939923468038
-2.3982328653977714,-1.756725385619561,-1.9870896527866169
0.513052133880305,-0.46101945717146603,0.8068750770541102
-0.29758403894333035,0.06209561189959947,-0.7739793907653092
-0.5300084132181584,-0.43118860995382013,-1.5242484630022375
-0.23615462985294203,-0.049506315195195855,1.5126544151183834
1.816475940881144,1.9257773559929152,1.6563680021201597
-0.049800969059643194,-0.40978417772237824,1.8481903841353022
0.08661926298854213,0.42607751751040046,-0.5972754865155347
-1.487072869675398,-0.8477312197485936,-0.232120085916818
1.6473390663560998,1.6986291227149688,1.4420222981959878
0.9174879834442943,1.5519682759085218,1.334269751261886
1.066934867005179,1.1829153149814917,2.2836435088158504
0.0476727312116796,-0.24264067020024987,0.4892073420912355
0.9166547888245957,1.6325160411289505,1.7192318073076394
0.37094683509441023,-0.2568988047268624,-1.1919827991018976
0.6131890778590062,0.25918946510819807,0.15248755006081993
-0.1521929584082903,-0.6039892222288288,1.8924959564240127
-1.473887948041959,-1.2304907582044915,-1.7030243615492069
1.028854347803183,1.3641931198477242,1.3474839781476786
-1.934959636609707,-0.8990747308674732,-2.098049402836449
-0.23993667125803605,0.03980937089552278,-0.8615146940511781
-0.20452248839966083,-0.4683135225103524,-1.6985813528927878
-1.0428601409845046,-1.111098411862871,-2.1846018938741576
0.6131231363365798,0.1889004407404813,2.295693413111266
-0.20032970140956835,0.31615658003418956,-0.2793903382878802
-0.4368683255972816,-0.8027643232829831,-1.6256769610987796
0.5198417309776412,0.8481365224882044,-0.38422367319069384
-0.47657904055841377,-0.39756026825885876,0.3968495790860192
1.3889799748383085,1.1972095160966123,0.44183003980096114
0.35145507618731386,1.0370232529001873,-0.2738967545622111
-0.47433298683443925,-0.6171333964962129,-1.5909665870212555
-1.9442649759855442,-0.7245476827147385,-3.203395196960825
-1.3077531969011476,-1.7509288872077535,0.3413080427568833
1.0868307847683634,0.4570827808464392,0.9459412259215917
-0.050604063111342405,-0.8296789520398924,-0.37211098129424214
-0.2831250656795347,-0.5998909945685712,-0.8845746925788389
1.643251614242697,1.6060423400000192,2.3557044993724463
-1.2826492440738984,-0.6572548627773032,-1.2211779174044686
-0.5856577998413593,-0.31513858813609225,-0.29331624229378567
-0.47258767675848407,-0.24452416057411266,-0.33572182604100137
0.5863372815313004,-0.1175936631286954,0.22901560268459387
-0.663535198304047,-1.1942440751063725,-1.1444236695428123
-0.6134178486140281,-0.33878927514772317,-2.3483199704376534
-1.6051493968851136,-0.6102160288550927,-2.0969276238148638
0.7293494040178566,0.40141214303192463,2.8929073160625314
0.8061393585150219,0.010631678516861087,-0.43329726134357804
-0.476376747401162,-1.1477416367958435,-0.4720049005561567
0.16333994554129863,-0.20965390087392893,0.49906537063102374
-1.2926461227593415,-0.24434498712293873,-0.09862100731783441
-0.4718131547409021,-0.4813202925589275,2.1864634443738167
1.377950952722521,0.5833890751497929,0.9811550205862833
0.13573073406713437,-0.19615083482850737,-0.7413725536286893
2.310363486795888,1.6065183037851345,3.370535687404894
-0.7871927421571577,-0.4969474861148744,-0.5741838421131591
0.5802844167243075,0.1342193065916838,2.5866624101001516
-0.19550582783310236,-0.6013744496020669,0.5298312350551776
0.5658178468280931,0.35864578519098606,-0.10297927880039914
-0.0072113596587564995,0.22856607457110592,-0.2038464760280758
-0.5611981104091591,-0.0904366043629023,-0.13815925441713006
-0.8676167643217026,-0.4188274033237636,-0.36692790506598405
3.0660367390488967,2.224080926403801,1.9319214242095175
-0.07734505972421603,-0.9094145567927702,-2.001551636516776
-2.016660690233245,-2.0125866236250896,-3.6204374673158197
-0.6486006079033346,-0.37683978968464205,-0.03144049688347628
0.6780397271239971,-0.12438586105575922,0.5248014665511673
-0.5000084331847482,-0.27369713505639304,-2.3348499214991385
1.3604462024852575,0.7933689873995344,0.8096059543217129
1.0023982728439578,0.5108366415236245,-0.9346169955522363
-0.1523386358242358,0.4378825953517058,-0.4155171767463093
-0.47221594277604334,-0.26840643928154656,-1.3375755507891804
-1.0048010070276965,-0.11871271920891802,-1.562766806838709
-0.6999665423133247,-1.0295997278320166,-0.7843214196727228
-1.473143074665625,-0.6131438636670771,-1.2905131075716427
1.2043962915330844,1.4180572383475232,1.2639516613411002
1.5907007871260619,-0.22494076023151477,2.8823784552352154
-1.256138069727733,-1.0490458116669588,1.1448903014864218
-1.1816829756864633,-0.1742341760873729,-0.3297185949479825
-1.768511857086917,-1.0257807950855358,-1.9581442394700885
-0.963854230732174,-0.9917439628697161,-0.21188644261245004
-3.1063368012832915,-2.6014646363625453,-3.833603294962764
-1.1422789566319196,-1.5653475559241348,-1.9681161455124454
1.2969153998005238,1.140678564870533,0.42567080361638676
-0.345672529464465,-1.173124064184298,-0.05331307451479472
0.8545842348534083,0.17601401588965038,2.0930900160945853
-0.4889690638420449,0.16840692915910516,1.7351666940399433
1.760667296993123,1.3982513156568368,3.084938830893666
0.19921798301385701,-0.02233863802879224,0.8969053496313415
-0.3820022921434805,-0.35855739524050634,-1.0703289880704778
2.552424025371081,3.412886226540466,2.629072234674755
-0.3244718562854392,0.2580165103507405,0.2189874290385646
-1.2212233497261362,-1.3647993670787186,-1.343476431684807
0.2019100019601099,0.9949028768132648,2.064771679036528
-0.03883503855807973,-0.0754654998007413,-0.8587857821202034
1.066324553166257,1.2229181092134875,0.3521867440099493
-0.9216339244978112,-1.0306223659815705,-0.5415889344870108
0.8047169314794976,0.17484555102459348,2.8115173776189755
0.8527484705742913,1.0831551070873162,-0.9599939251678912
-0.6676872919350705,-0.9185932082312946,-1.5137275020940706
0.16324400572267767,-0.2600638531709323,1.4511470177484165
-0.8307519568543374,-0.2156844159038675,-1.5097029635627375
2.3458080738406677,1.2956119442252314,4.404902861357442
-0.7041395622801669,-1.2729376506980068,-1.525659227616376
-0.4530744436687142,-0.08993235675997369,0.6192515596144315
-1.0658380219633747,-1.8326112299171062,-1.1540154991903464
-0.3461212751731734,-0.6527598484725199,0.11343766591074078
-0.005876026696904225,-0.18752387735778792,-1.0417611247655183
0.7677891353446865,-0.058422186692773326,-0.8384183692477537
-0.6104866460656994,-1.0470845775552604,0.16506292119069055
-0.1857739586715857,0.18431729728020663,-0.715081552323336
-1.416489366414042,-0.9869649600702031,-2.3351824175491878
-0.8274022267661552,-1.1347775155630986,-1.932695075264173
2.755807558275951,2.4693888296383064,1.7107717969975418
1.0412431916947957,1.5926337738611696,2.394469851743236
-0.7814240416773149,-1.266348138308822,-1.704067321423557
-1.3373972415282913,-1.039289895801599,-1.8798700865598232
-0.9755828305996581,0.20785940928663849,0.9911015754906383
-0.02169085951373511,0.28822725691322143,-0.45400675584651395
0.034727788359190326,0.43447479273769707,0.029071417959383117
-0.7443606009308561,-0.695564815994762,-0.3767096989517311
-1.2865744667376442,-1.4282414514589243,-1.5825735564721355
1.4223785052484463,1.709588651637438,0.7342518680386804
0.4516854512950959,0.6882108331170925,1.7305702773962117
-0.3745680195679353,-0.32541600827194994,-0.05473731771122803
-0.22066120781608659,-0.40919682866453455,-0.8501548124818968
-0.5295304591256691,-1.2974869815100922,-1.9148285580800384
-2.9360454460171126,-2.270883242254187,-4.093717509638241
0.1156618270926259,-0.25332692060777406,-0.9088835708270968
-1.070544409695766,-0.9223626619471376,-3.226528408003439
-1.0026842990328195,-0.4666597470995467,0.17125411153895898
-0.6402624053903738,-0.10220857146049533,-0.5381617121530006
0.7323017147112972,0.9453418562919962,1.2689555790244942
-1.170530808407683,0.19110751937649084,-2.589405121260676
-1.434281459674122,-0.564865903149223,-1.9193891575626092
0.6398520751723783,0.13884257225155117,0.3997525568031916
0.7543689046395509,0.1943441619379518,0.82995868487672
-0.958933707794222,0.3969283960591138,-1.1652196684663827
0.5623976772929592,0.1182550626879087,-0.6825266838418288
-0.2916324304147521,-0.2553736155983836,0.8002167956684818
0.3012921765535601,1.1134632851210278,1.011576198718918
-1.2609602800655342,-0.15111028680463046,-1.1861002572719976
0.8328944493608352,0.6389995449073307,1.865128250140912
1.203258954116498,1.0835787040626375,2.4113623857238373
0.6370732356261833,-0.3078960625393874,2.0309796341541886
0.5583399616951433,-0.007502380904929051,0.7213653562831629
-3.772275156122734,-3.2004496899530266,-4.087070193544635
0.2606297490669398,0.20567371450921781,-0.21918218440251036
-0.025445316692543535,-0.18201649138257436,0.8657876667578475
-0.1470455068463331,-0.04148941468920053,-0.8485104032600678
-0.63057798997102,0.5918883649708916,-1.5441041133839941
0.0553649749135539,0.2764624103803576,0.6097618865883944
0.41211740512833367,0.4840475179800547,0.9351215795302081
-0.263788160540625,-0.21011735048679167,0.3727614752534853
-0.46332413970987085,-0.45661311426778317,-1.312542180882559
1.2297538109392712,1.6002753488562922,1.5304910139515986
-1.1053671072691253,-1.3799244011730478,-0.19006990375472255
1.0301551978238768,0.7613343957260725,0.5503237313079232
0.17681246373052467,-0.40643864455778805,-0.09132588692639432
-0.8043056452824273,-0.5998796652642451,-1.1022597002314563
-0.28998189606931385,-0.17246035573863655,1.229236484517014
-0.9199936028121969,-0.2757416281932237,-0.019184987905363493
0.6750645184094394,1.138882425135795,-0.6655053490746826
0.3479017619704715,0.6098535762264568,-1.1728497526427888
-0.5567961751531812,0.3656927034226329,0.09331453435933035
-1.102218299054223,-0.08752300525697387,-1.3153213919431124
0.30171609350107054,0.39905221882842284,0.8342885691147695
0.9573856068419316,0.9525819167862118,1.2230810383229087
-0.11383634938188146,-1.0592099253564053,0.8957645264398706
0.41835250088922316,0.4948036030751558,-1.2073625220145936
-0.37602715054974273,-0.3033674973787164,-0.9238901564382407
0.06756920600942723,-0.7901922411342038,0.3185632773062346
-0.2912829113936885,-0.44871934503585,-0.05681337886838361
0.2940421429749802,0.7139456977660255,-0.6540972143178453
-1.509772513035727,-1.8272051735869996,-2.0369314531624902
0.6441905231896892,1.161828000894106,0.058347706208336736
-0.2299324816033148,0.05345367408633753,-0.1852533147346051
0.3586080676493852,0.17269240899773616,1.0591723183892865
-0.340310127466209,-0.3434117455623269,-0.6157786235196998
0.3203611893741035,0.6712525036240572,0.1673071350082559
-1.0725628041289215,-1.5737473830584554,-3.166740308778457
1.189154412488462,1.9717044999392406,0.12805097431982992
-1.7035445876372979,-1.7695454348770772,0.1494354675828713
-1.0392388147791862,-1.2140326727968935,-2.7539464417961357
0.23566606953963426,0.7989169542263493,1.6000579107905297
1.462842285184577,1.5652999956535263,1.1649504943402966
0.2781263018080308,0.88519688927133,-1.6850754466894724
-0.24790845527908614,0.32466377270897095,1.2097761275373662
-1.4250901432432643,-0.9518741501955541,-0.14102125051882686
-0.19127666443013225,-0.7912134048556503,-0.6945248867583679
-0.019877011042093756,-0.2523215638530095,0.8473999795250097
1.690568645339397,1.451674598582381,1.334674109255491
0.6221252216057821,0.4891088920544551,0.6730514955593352
-1.5290928749284465,-2.2496657102840687,-1.3628233751133056
2.0267790952431928,2.1436259558720487,1.7957685419956795
-0.39500987549879313,0.5495633305866956,0.1293627462949523
-0.8794597147043167,0.028479827582526318,-0.49371070920805643
1.4748226520869099,0.6709283084310891,0.9519377635460389
-0.049755760296968106,0.17817878163169734,0.24623740019359863
-0.3674025993780988,-1.35717112179494,-0.8879901277720306
0.2187859889352313,1.0200378621397062,0.3526046452585315
0.8448887803757161,-0.29402743058883274,0.34801918115303865
0.9933362044496503,0.9999233451833219,1.0906268785156314
-1.3752024000527405,-0.5188720757306396,0.22544349012617837
1.9984814702717295,2.2444460416827514,1.3445900472349115
0.9468615879956256,0.9294745277529548,-0.5162654605880613
-0.37920106201315124,-1.0161858741638918,1.2149444014066046
-0.8186598515214158,-0.7055157777392755,-0.5262154464480268
-0.9690124307582063,-0.9093691816990395,-1.619626615299711
0.12337843757618257,0.2828823295844199,-0.1262714946833941
-0.6480162941896269,-0.024540043343826867,-1.5617673556630258
-0.7648739652865205,-0.280878731075069,0.1729698787375974
0.8112544049416356,1.709811802788077,1.5245934132007135
0.36456734382632344,0.6221793026221674,0.9931397013305985
-0.3945712584237112,-0.5100657608919106,-0.1743678307039936
0.7342475961853729,1.4023878530283893,-1.3157940480481658
1.3673786263056709,0.9366388685722056,0.1804002310283519
-1.0944963126296459,-0.734665294626523,-0.8100960054631733
-0.6032918841422477,-0.39224454413199655,-3.2582407983474884
0.9426218402198768,-0.3925182069792177,0.863366225542433
0.7189405658150543,0.7135624293641848,-0.30637180163676647
0.22669885643799229,0.32607906190069036,0.8599925568692813
1.1624211875584574,0.8250844225605751,0.9658198071205366
-1.0882117291190974,-0.9412128709248764,-0.02929361480001358
-1.479137833771104,-1.825512013777807,-1.1414831643452685
-0.8665073572768981,-0.6519742314025168,-0.7527586052525906
0.12254409553604008,0.8494980196297629,-0.8507954364642472
-0.7960867750951038,-0.725504204081575,-0.16837815355917984
-0.48721815642469163,-0.6508374008825384,1.8920644521693937
-0.9750001191003014,-1.083864542685292,-2.685444564575951
-0.6204291445949027,0.5122006384177435,-1.6441635370030894
-1.0047872189929943,-1.4814515196329272,0.6593054642191434
0.36746620574561295,0.716447848264919,0.8792574374430598
0.7948910679832192,0.6916187569599155,0.49896144856071944
-0.48044593951821124,0.5760914601139235,0.3015324885057383
-0.2072657954706782,0.48982007406547523,0.1252263073794479
-0.5810325725119153,-0.5089850709905389,-1.2336545157342091
0.5312512156361892,-0.3457333462791375,-0.13703969613208666
0.08905603873921995,0.7860647526273306,0.9443313081205964
1.5941569003382141,2.0043473540927503,1.9374616192392509
-1.0954720366375337,-1.4288286265692567,-0.01778955554287509
0.36250249919104766,0.6626187479554038,1.0162832467149387
0.4439913996466691,-0.04519015471236376,-0.17000391274949989
-0.3604401709908981,-0.6764472899750225,1.1636759911441987
0.5835341273827435,-0.3378294078118268,-0.3396287860778918
-1.4385226489904384,-0.6843655054426947,-1.8918177254310347
2.118803030729321,1.8306066376331118,1.3360208699302647
-1.3420444532864415,-0.8263856972749917,-2.7432246257806447
0.9198072605649881,1.4620832768153689,1.5424009241709586
-1.121122678939223,-0.5625858248546362,-2.1739759058932493
1.1508830312317526,1.2129878034034716,0.46665818869448594
-0.3847740266090023,0.06681771824612948,0.5579988970856972
0.15842290716221127,-0.4055475963729186,1.0236360569693603
0.05334375570673462,0.02544243725754137,-0.5680804579699503
1.100734095024795,0.27745649869671085,-0.20730534106212595
-0.32154745014292635,-0.7071945154184215,-0.42580110033973795
-2.9671837099839435,-2.419655218734161,-4.565049597584557
-0.7600587900644338,-0.07710322296420336,-1.7704829985499302
0.18371232308894828,1.176076865420638,-0.20406397524196504
-0.4404682048702619,-0.8949711453424734,-0.5985984284210577
0.7698208513207979,0.7025218892358798,0.2145906396491909
1.0153269959744686,0.7768063786765056,0.8699820945335313
-0.14777180989980965,0.1454003632915984,1.234268510694985
-1.4896453943825119,-0.9005113743515258,-0.8625192325241021
1.3841651100058967,1.288542670152682,2.763391367360243
1.0830535001068178,0.3828545288617154,1.9790828987580755
-0.29919113426702376,-0.04201519593720521,-0.0672094653476065
2.1082884113927522,2.132794085653088,0.8944481369893558
-0.3488754600926644,-0.5357957842973828,-1.684962541926265
-1.1371197204183754,0.07938668546056893,-1.1577049989516282
-0.1558734337510055,-0.2421553379742565,-0.5644810482637549
1.0778337155057705,0.545336873507321,0.14329061811291444
-0.9374534425425158,-0.6017732348300469,-0.5277488295925794
1.9512250777434486,1.432185320124961,3.1753042560088254
-0.8965262145720566,-1.4008073787103874,-0.964613699499746
0.9544222763812404,0.7504594278435082,1.0402578356222751
0.544462374203177,1.2334211198117444,-0.002502493813021367
-0.15405705958282354,0.8780205110536592,-0.8419979671795262
1.080532978717757,0.5809056527288443,3.0541860155644445
-1.4997987888681947,-0.7472017292736481,-2.756209807495689
1.3575717869331891,1.152322156973092,1.1963471216376487
-0.0636840289702414,0.09099609164995981,-0.5108241769166384
-0.5424352498635134,0.1997374067160591,-0.6523268842177729
0.7491740480400813,1.0253750025765864,1.7955074130219002
1.0598990135992437,0.9250794187601408,2.053661647780639
0.7697954306236166,0.15146420165610996,0.6296834330669598
1.9995038210449867,1.0376126360530633,3.122999525766021
1.0807260760500983,0.8325718056164217,0.31417890374934054
1.2835066324204059,1.188611969669766,1.639183744624582
-0.5398639371765148,-0.18030520361167424,1.2396480884614585
0.10652377706202956,0.4762036983374506,-0.4710641622461895
0.5629825823255228,0.9401786302594646,0.7680999896967857
-0.017742236703293637,-1.2157321377399206,1.4808376983071936
0.3016352331732358,0.693028353053404,-0.5408423199132242
0.42610476613456866,-0.18284007538260733,0.4904299116745285
0.8442439176815353,1.2324294215237148,0.5294435443375511
-0.10160889077002393,0.08703505135513015,-1.2185519865778631
-0.34979921539188125,0.035440536580012116,0.05446189439325855
-0.8283156502165506,-0.9331153942752787,-1.6724447092980244
-0.8917323261422714,-0.5720602002307981,0.7640221240955825
1.172451227346323,0.004354692181909314,1.1931124190287452
-0.08452148800245243,0.4800061179503254,-0.2946710325559141
0.7869443810905431,0.46413613555202615,0.82781617877714
-1.297363846342752,-2.3324312244893464,-1.1945764648332156
-1.9381681078391828,-1.019792709441734,-2.137392332834786
-1.0490912309999634,-0.0008861214737772016,-0.9918627116249243
1.146626967509505,0.47923681580559896,0.5718154081419086
1.0680774398324595,1.4608168947623423,0.5686379390192173
0.3320386078520851,-0.10924683927452811,0.8590821169874627
-0.8021701501599596,-1.7749964350943226,-2.9385204672317773
-0.1308026415658544,-0.2835883503923472,-0.9302858402777898
-0.29776047979893233,-0.07514015784267852,-0.2892052751877354
-0.34497334609531666,-0.20920311218735244,-0.002592890911740031
-2.506069837315632,-1.953056895105185,-2.896611325204105
-0.857926385962197,-0.5381296798885985,-0.7217023424507554
-0.19010887568223522,-0.04380926873434307,-0.5395735751886427
1.5164277898120941,1.1051230801207446,-0.34428577619805534
0.16074305913174441,-0.17209623927125717,1.1012139069939788
1.4008882862628078,0.9878102052368862,1.6688842821680174
-0.39370690875944603,-0.4908018100865711,-1.3510639308780465
-0.2526885812478079,-0.3536121767156981,1.222286372387782
-3.899421730054339,-3.6710140996861997,-3.221927237484939
0.463330339207019,0.09936707910702886,-0.162174123580268
0.5470956613393337,0.4787896234640244,1.6536623918502698
1.763759069559374,1.5657167108656957,2.3027868995768612
-0.48676121079282914,-0.4214234423936049,0.34211356160503376
0.09415415619704649,-0.016506632160029178,-0.50763959689896
-0.7055279547210833,-0.297197426990785,-1.2621614417674134
-1.1762570649202813,-0.5337713216287034,-1.9987212156665908
-0.7131079667369583,-0.2304464340393244,-1.2541664417738059
-0.3449985240857874,-1.1509533619830772,-2.6580868850094364
1.3554380286698136,0.8566478773086675,2.43920410089516
0.0022116025733781067,0.35459657557636504,-1.1782365886477921
-0.7905448096678757,-0.3747371858957651,-0.22083241537732345
0.14187782824173303,0.45340756324575787,-1.1563414756379473
0.21757135556003437,0.33123283845774054,0.33437817158126343
-0.6762320559749608,-0.9677540459356822,-1.8685837346233358
1.1432336266295944,1.5258691674740794,1.1233546453549483
-1.88834889097665,-2.190473549887955,-3.4880451313512606
-0.21354462808298652,0.3220431937454801,-0.8054656833543155
0.6650660656292455,0.5238652868830966,1.324706807970267
-1.3384325194768547,-1.8070731277248155,-1.1245362913730284
0.3612537486433768,0.09092359863788643,0.5322996524199367
1.2928930501938052,1.6361903134135771,0.43445712248800117
0.45367126425696813,0.06873617649032049,-1.742860950071767
-1.6901599429769263,-1.9574291527887044,-2.583185694940928
-0.7281950274352488,-0.7269511638276014,-1.2391457780654327
1.2323034025042632,0.5768052427326327,2.711552388304729
0.2983352450652942,-0.3866317935620608,0.8678591498544207
-0.009858938489975367,0.21088172532150512,0.3066034279587108
0.4412005947154901,0.7520466295712946,-0.14066278963836598
0.7210489500058761,0.3009734514091399,-0.008210603704529973
-0.7084652365979932,-0.3049607274559517,-0.0678434851047679
-0.29040008007295537,-0.42583357151812556,-0.6624513279908869
0.14291364966681958,0.06447385515504567,-0.19398081635078135
-0.5439577217873256,-0.37346497193357625,1.3738967804834394
-0.13345155853725454,0.6398805238662046,-1.1152709216124854
1.2978717611819932,1.292076841531609,1.0162660517637305
-0.9678198646920557,-1.2738124460235885,-1.2175098182076711
1.9266627091351407,1.7992447851831108,1.275329595000866
1.879344377381986,1.3928813667872226,0.46777780053131246
-1.7134394379643105,-1.6039317548252536,-0.4410887507185228
-0.14102266511302244,-0.5326988108504132,-1.553468957645
0.3426915696456793,0.261023124438332,-0.5649228195587794
-0.7608710875064288,-0.6387630876484848,-0.5046058648227809
-0.7410805036847287,-0.7939555852200226,-1.9848162069214528
-0.2374156967345463,-0.8855062294367692,-0.39321544840261013
0.7391780871115503,-0.26224367684552086,0.4825830329581135
-0.5113338389470944,-0.3450748251503484,-0.7480838844830111
1.8266938116201166,1.550457426024219,1.6866270903994482
0.28997400233853204,1.3235435455468458,-1.1184466865113898
-0.10257528408332377,-0.17139173194820778,-0.6520782792766864
1.449259685131458,1.670119787690973,2.7337725959779244
0.6262811950603524,1.0986268172078946,1.7902247346728686
0.3692867756875739,0.26489604285443724,-0.21149170485917318
-0.331140382769525,-0.2265118044968317,0.7537554729115563
1.8139856138927497,1.23626662247532,0.8741204207079608
0.8118215897399867,1.5370368771841396,-0.5521369049163318
-0.20341133594471233,-0.916945154383563,-2.2206744578166555
-1.5771991506827037,-1.2815823948650142,-2.6901973921233164
0.3729515417619218,0.9904227304613626,0.8328291989577833
-1.1437400921015901,-0.968832105348059,-1.469288022411344
-1.7159459517583207,-1.658225511295974,-0.054311828721291144
-0.2791515054677641,-0.10687988590161068,0.5602848775666504
0.2814711025906223,0.4886708884137805,-0.07274362642425697
1.2824812336831644,1.3097065237897711,1.0592006836032049
0.28245182528524887,0.3667831176959274,0.06654006689183584
0.8060195271707506,1.0198611815854703,1.8051254287447716
-1.2258827052231547,-0.5078556361791895,-1.6100725504834994
-0.022532177467557167,-0.571467198163623,-0.037034311630586736
0.12421131930450507,-0.09007685718022117,-0.6112329811726349
0.8622461846199109,1.1246426108186094,2.1610004315693985
0.11606067343101731,0.3371585509850937,-0.2330495685800276
0.804078958119873,0.7605632206700721,0.15728236796965445
-0.504199247777134,-0.06711995216258804,-2.024339997076466
0.35795490621315673,0.7624407923209552,1.324202375220344
0.4148664012544231,-0.09713040852985311,-0.1768360368885108
-1.249775724586651,-1.6132927857412083,-1.3201639666228917
0.17553862856764266,-0.436409827488273,-0.23490809111844044
-0.32036252695140677,0.6730470430069702,-0.5068808158619547
-1.9040879486160345,-2.0504866455167985,-3.886636054609258
0.9584066801413982,0.6494317828406154,0.17382750788775903
-0.3618586803043011,-0.3822260937858494,-1.4454701213626675
-0.8523900581258608,-0.1663819638961681,1.326005322077703
-0.37731674369381457,-1.1710139444055385,0.9695491857533491
0.13820030314832132,0.09092613704195408,0.5762770770174536
1.50790948434714,1.8135217609020573,3.9946732452024074
-0.1659332030062026,0.4247033186903387,1.1113891559581932
0.4724074969585104,0.5825819947850577,-0.8723159261684033
1.373579376897762,0.9683939578282417,0.08835466420936489
0.5335505312737927,1.3056821483365428,0.8014155128241076
1.0685641574187916,0.01887773767552814,0.9991896391653603
-0.47650985895095554,0.10928475044516045,-0.26503255030596645
0.7710493264739775,0.8709284055021137,-0.05388183517883305
-0.057976000069692585,0.2491375421480843,1.7875282018117165
1.0744112374891797,0.992433405111917,0.7232977606235941
-1.0035595719921404,-0.7002575838702116,0.11667077608967191
-0.7795577532427447,-0.15825220469308698,0.6798338164190179
1.2687315727053823,0.4384628638389947,0.6834961757677946
-0.19608397256936924,-0.7801431508280607,0.38029715238107875
-0.35896064670446953,-0.20594189969166454,1.2340177653807818
0.0775724193502392,0.08813333132131401,1.5358177644454383
-0.6894974573528612,-0.46976788471243525,0.062271420185635695
1.3319413685305603,1.8607695865770482,1.7716467129846185
-1.249162651675905,-1.288984798120545,-1.170312203012752
-0.15059799836040494,0.2551809818820586,1.1181689123218561
0.3469527857023623,0.4697860804319788,0.9300134088802594
-0.10444706906656219,1.0997235459169927,0.019844203556982784
-0.8022875453678814,-1.3429233620437668,-1.2749945548822694
-0.8683891967525209,-0.9677149165678911,-2.2210463058234833
0.4253944258208237,0.11192052364023788,0.25187073982023395
-1.030480450166701,-0.16408291183129364,0.8339769264327932
0.6462427057150405,0.1070348791540916,0.16263064143780742
-1.524148363645292,-0.3903471911580666,-2.1653711837206857
-0.5549830967166842,0.3550676791939964,-0.7956451805632103
0.03630602236974604,0.46185114334276484,-0.1765627567649994
-1.2521519434446158,-0.783033534642199,-1.8113269143481174
0.6520108635265922,-0.25648040364702906,1.2952484801848347
-0.01853881330950251,0.07624370279156903,0.307254417674806
-1.0360736815895426,-1.5441947746408147,0.14679714750446182
-1.5188882297503954,-1.3964237786060698,-0.9173778592469664
-1.5655893713726405,-1.1509211304499307,-1.3791050011069044
0.05103394513032868,-0.11360853338033657,-2.0520323172924444
-1.1568301070665343,-0.45006127454867334,-0.9596827782501516
-1.364879600732452,-1.156491754150789,-2.0180093632964904
-0.23122593549221063,-0.9592718585293565,0.8465019223947943
2.277500524853034,1.2919718068670827,2.3509404451466813
0.2775403612334572,-0.4149219060715331,-0.4850774718339171
0.7629188335006009,0.45211987791751207,0.21967824949927217
0.21271834626863834,0.7939671055248048,-0.9887686796327166
0.7829821661085862,0.8792587569601755,0.23543503582893455
-1.343088650464953,-0.9047161845821117,-1.027901827396276
-0.43051197019258486,-0.9871002727303937,0.7483115969642349
0.2613508456100389,1.3936626029831298,0.7812068017461342
-0.017916816054972758,-0.028465033938186696,0.7917789958722605
-0.19199322011209138,1.0548617588264113,0.699112133762277
-0.6658760797429369,-0.9664115869456003,-0.989502604661727
-0.2583831027042033,-0.4906297224313722,1.1947627604137616
-0.7741978238913314,0.6804724860204362,-2.125904603501064
-2.421833014859781,-2.4749634015156943,-2.2984505796380805
-1.1945084417055867,-0.7462538430185298,-1.720263707334981
0.47565293887443977,0.21141971386052086,-1.4897925005245238
1.5570779556716277,0.8389561946917976,3.2160726184355335
1.813580171323687,2.5314039353679285,-0.18411127579568798
0.09675174368870822,-0.42466413045435053,0.7861019887539913
0.8933836234441344,1.16342439955394,2.6865586668233843
0.9079779107107238,1.278538627310485,0.7048544943620396
-0.6922591838680748,-1.0597080748321976,-0.8076308369334373
-1.6979398304606041,-2.3069645097956633,-3.596722957834274
0.030887319354812974,-0.8656100931480021,-0.21891968110093804
-1.7622009972405384,-1.8095525316962873,-0.3112826550815815
-0.3199296129548269,-0.1446113559876061,-0.8420490597216238
0.6081170867893684,0.6542147346834013,-0.3662818834477546
-1.4200694881000024,-1.2305788775631659,-3.735819448058956
0.03229538393163682,-0.0268169851800879,1.3179739758702287
1.2400181153090652,1.4790381714372132,1.6518065163482465
0.36151247402096365,0.6732864684183592,0.05949291705441323
0.5223217007496789,0.6072344731705825,1.5651055644847078
0.906740413816745,0.41690877199996024,0.37605903912205263
1.73296307213118,1.7751568471799328,1.3989445315848432
0.1514230817231868,0.21174330408937775,2.275443980056159
1.2295008614331246,0.6096831155410447,0.33323518601365454
-0.06416921633742403,-0.3397833115926199,0.22616315932398326
-0.5461688154334842,0.17738882687181695,-0.3226453263186132
0.3148209696175649,1.1745477569857303,0.41226301059422066
-0.605812847991671,-0.7495136446085726,-0.5995390975168017
-0.5731292157665655,-1.497537449779355,-1.8797899203339878
-0.6077406304422468,-0.19246064585711625,-0.7452415446697476
-2.2954241955331667,-2.287970769528301,-2.5378951598458626
0.10549947766059664,0.45064866254156466,-0.5634249641569093
-1.263835358595468,-1.1990469257271945,-2.0973753274200964
-0.1072691206682774,1.0289839433767463,-1.1089913799657118
1.4499687804848278,1.216097277058261,0.6405418977532235
-0.5210003231072904,0.03462509207096409,-0.11190435706526675
-0.5420091584474772,-1.0411341923999409,-0.5055529154154462
1.3639093845017958,-0.3185182116139491,3.019406877491808
0.5463057654642988,0.5047101715726474,1.1496386561518686
0.9765270973526429,0.9122032229330383,0.38146854775639216
-0.35529123398699336,0.07591683061485255,-0.8944068779633395
0.7480832128709275,0.32156084346930175,0.575111399262014
-0.6861685891568023,-1.194854123647339,-1.0361897172482823
-0.676001725621899,-1.3410490684217207,-0.6723076888063821
0.5962442782050664,0.7535658799163844,2.5374409185834863
-0.5983731712727243,-0.12355307397127324,-0.7503518964154423
0.7671185432439538,0.1758156703970309,0.8991155330850571
2.3916845354292984,1.649330318201361,1.2000477093022728
-1.6861525369472856,-1.7130147506819573,-3.1866991450980455
-0.7522043761212451,-1.549367242337381,-0.887845974645389
1.1201461818426741,0.9956747498323966,0.7028603355818883
-0.14507816949322366,0.30694552271251885,0.0566260493488934
1.1610898497925723,0.817197024468286,2.5180778665748464
-1.0100642731329075,-1.519287570831632,-1.5205287369718627
0.3313441778079705,0.16591440052125966,-0.3532442229311999
-0.15055631782284468,0.5617662910534398,0.8279418446090623
0.14037072287334246,1.1772496091651072,-0.29530868929479165
0.33111601905536314,0.3994413848749236,0.38863099387011923
-1.2200063626559563,-1.3704756044726818,-1.3256858716771485
-1.0741374853592944,-1.8520977185060916,0.8050473725060174
1.3992440068954228,0.34642715839873806,-0.28389220396629034
0.29321371158095555,0.1901271941714015,-0.5276920231800596
0.10634633295262737,0.19795978146330823,0.7571389321802019
-0.044074722613553316,0.0930601841157446,1.1160213733127
0.3565424987061171,0.1537452662415236,-0.6725260232864708
-1.1559367394054465,-1.6963604439048212,0.022904240287500377
-0.9990273318953995,-1.587449830381054,-1.4700629956733708
1.304508247206433,1.1172687799272396,0.5782468470981678
0.15127522184716322,-0.2912637635124896,-0.4788498231166419
0.8503008736540341,1.332658469695196,1.2041312416916996
-0.6056640069212733,-1.2139875822898762,-0.12105773466146919
1.3767253803593051,1.9449292661227169,0.5019458434304257
0.345278405319519,-0.0570253668571859,0.5512422331707948
0.48124581925008575,0.49659115608242216,0.09915421664120933
0.5487293377157805,0.5505644348246271,-0.6440480389866399
-0.7970092393721301,-0.8096111664271206,0.894777109865469
-1.8657208634000604,-2.499318113033955,-2.8332400147369534
-1.0748026670851023,-1.1010398268770067,-0.9722621699501258
1.6305228573863613,2.0656483839260806,0.46565923541512255
1.3006839703204864,0.4001505387257144,0.8692901623077218
-0.3469213679779701,-1.1985916680343438,-0.25604942709054285
-0.30167632703614505,-0.3507778101103774,-0.14028083255572033
1.0366058772358528,0.6230911690838902,0.012849273188398236
-0.1684098727535861,-0.7811487772361897,-0.28828294667488463
-1.2992598701307787,-1.415694253488006,-0.949313810987068
1.265543092596161,0.7718949326083295,2.749720840243882
0.4771785779139319,0.17530563059852708,1.2753309004362419
-2.516339715003551,-1.9316848608221977,-1.4434576787145639
-0.3131901055298775,0.10277954173743009,0.31983412810614914
0.14367020328433938,0.30847361521374383,-0.5234443911664421
0.4812468270587883,0.5558718292629312,0.1528794625793623
0.15215118931163515,0.9617924292142576,1.0586816125651526
-0.6357417972436246,0.039058174707745974,-1.3231679191241748
-0.11575904402998716,-1.5490273119702156,-1.237108935546018
0.29480031794360034,0.054259332541050836,0.25102288531566014
-0.26800408561401673,-1.0026783637496894,-2.085999449165398
-0.37190071970620736,-0.6420888078335514,-1.1543219046543587
1.2520839386648168,1.3872040833533945,0.11253556497612438
-0.9466076852692522,-0.8578792102532775,-1.3591040626064048
-0.3494634711099121,-0.49376540853872986,0.9628784956972305
-2.03126901304909,-0.9665294456685141,0.2879159242867
0.5409699634514118,-0.3191130000452607,1.1340207769529065
0.8282644598468853,0.6157043928176654,-0.13236485330265768
0.5484868325965845,0.7131688954988662,1.2795874404272278
0.9176724874612288,0.7462053422583297,1.3381643550965747
0.4407067447635609,-0.22907220976567322,-0.16166141625308333
0.34251539095341227,0.2627285311063772,1.2235924991525435
0.4739470669880134,0.7829137412752221,-0.009616661834465356
-0.26730843195327686,-0.03522175894623661,-0.846753099377294
1.188327862596402,1.1095080029495514,1.2456987736974183
-0.3485720650141568,-0.12513363724376417,0.33689036389918575
-1.4623519251551929,-1.102285694218634,-1.8306699579599528
0.8497836136184508,0.05919648970293756,1.2050038774005358
1.8507027799514817,1.326011130760304,0.021280121355180093
-0.9601511192906311,-0.5527020489280108,-0.6678721632651292
-0.1016311295928566,-1.6385595049496666,-0.5800714610185534
-0.6854420107180271,-0.1697646256505086,-1.2083621815711616
-0.3805832501275168,-0.13575436903931654,-2.906372997428128
0.04609297177965803,-0.5052154780333479,-1.403109496612379
-1.2418084527811688,-1.3666218121970661,-2.9873546133955244
-0.2776536712672873,-0.3240435851756667,0.32780010969276013
-1.4659673863823872,-0.966056429519093,-2.3878988339086025
-0.568227637941478,-0.6415954337917186,-0.29490831032922943
-1.1860696539864874,-0.3653541692074367,-0.5271603362872739
-1.0590606994601444,-0.6406857533345187,-1.60547635585639
-1.7199106806581999,-1.7692142474669208,-2.7473692572173376
1.2193545887326338,0.7398927114840743,2.429864701724088
0.5090590847395515,0.5210370795394641,0.7710004612729229
-1.9174640434564942,-1.169784218964032,-3.1501475389541254
-0.5968275940478756,-0.13745433748323932,-0.11641236150808754
-0.670438599903074,-0.5851477557579959,-1.3342574481765241
-0.6909441281685968,-0.47800777876377637,-0.2260522648334608
-1.4468835125564838,-1.170057330739493,-0.6207082498631312
0.7543857213684552,1.0145035397270874,-0.06255300415747567
-0.395863785507999,-0.8098132865595096,0.09577663101556932
0.4681489094895136,0.6759404739856978,-2.543301165873434
0.5267557651664272,-0.5047969194004807,1.0738838239122326
1.375445311670887,1.3258727289212895,-0.5846118036031891
-1.8148722777431434,-1.3237914143641356,0.7106825680510744
1.7386021114249555,1.390694613184538,2.092764549121443
1.2688152738912304,-0.051252446052542755,0.6552677967598397
0.5730659923355066,1.2418148289173774,1.7063462271419296
2.3835922292341163,2.356079355916795,1.5991470946126918
0.20497859792723128,0.17670704488450134,0.3241537479581173
0.8214789160702182,0.8865367982219484,0.5365723310998862
-0.7384139812679597,-1.0604222606037652,-0.7372363406111495
1.1343574079518282,1.1636225030858203,0.5748127262048557
0.16782596972241448,0.9143043493384878,0.6059657700464023
-0.4512001448560466,-0.9500029107405965,-1.1910499694367578
2.116939198315876,3.0399301001850967,2.229459757163314
-0.3047996645408318,-0.4623042117305309,0.3236938110055502
0.008861327608517627,0.42079299855780733,-0.5866429344148666
-0.19727995732612844,-0.5708793567718389,0.6383447101547047
-0.7556709132364813,-0.40933391418747817,-0.2699475522601227
0.5312724005304282,-0.21195177407069654,0.23574911469513354
0.738409603732731,0.26123067618656354,0.2244141395269207
0.3543725277387253,0.1692093822053284,0.30557761465001776
-2.3605782614449353,-2.216373414362508,-2.813426555486253
1.0079970034230852,0.6856826192421117,0.49416624969427836
-0.3502383498230938,0.2077857520144129,-0.4829298371724269
-1.216323411889306,-1.611601339811454,-1.428561450732462
0.6032809590509747,-0.11525181950301089,0.7100582013821071
0.5628494203738629,0.47380916375010257,1.9826364064736524
-1.0430737022813366,-1.1165537974111623,-0.13130212772255034
2.472435678832565,1.4760740150230536,3.3219956641702204
-1.2096265493756504,-0.9016848445314734,-0.6923104840102438
-1.7330027043844558,-1.6685855913349692,-2.336791207494362
-1.1541714262983167,-0.7552670428898978,-2.2148329311042136
1.4207998428900637,1.1167598385647226,1.1932362782253836
-0.17585672570351582,-0.24129283178661476,1.0103017577925744
-0.3720566878481917,-0.33176532918154344,0.8271402030827426
-0.06215772113332739,0.46189403046753486,-1.520179257907105
-0.5966139079163051,0.17976112222216795,-2.3707600108493216
-0.6902634133270706,-0.6320128753071294,0.9845968144473058
-0.6412154938054386,-1.0279561798618506,0.7837980121267705
0.7079555234674223,-0.18928138229756652,0.0813937170697473
1.0204558856716575,-0.300424368153253,0.9432382231227832
-1.0550925619827771,-1.4320520251364002,-1.0051037152780735
0.23922797173839117,-0.23477747348496797,1.342412887845686
0.7882072412490861,0.6042980185611978,0.3002308847559589
-1.0817519495061156,-1.8056709732888816,-0.48996179785664606
-0.5025665920171958,0.3127923270514935,-0.22878837752485148
-1.0380641623107913,-0.29867345696162506,-0.7374328701602034
-1.2910285430172368,-0.41023765518800037,-0.23701197114753292
0.10186286879000153,-0.17495481234412275,0.2485216261503316
-0.7361323713301251,-0.4669052665242318,-2.0174542418419263
0.631129089144547,0.031221112011308394,1.533533770495756
-0.029421922615303468,0.7513672447084813,-0.5164697889215824
0.41262735520499433,-0.2764106471061261,1.310439090467183
-0.29228291261987144,-0.4906389913663005,-0.02753375202265007
-0.6349973825890232,0.20371003147676314,-1.6130242106160764
-0.09067313510678131,1.172367548288639,0.16437709741457635
-0.004996130276595701,-0.04986014368197341,-0.6400307508964268
-0.7058554945166199,-0.771801508451474,-0.43563854502989124
0.42659545511016506,-0.9122896044023037,0.022302801002057615
0.7465948559764687,1.4525018930434697,1.7566453658613992
0.15808270533092642,0.2805572532610413,-0.5536442429146479
1.7134908885015603,0.42882230055010717,1.3458582054208286
-0.6323390096507158,-0.07019276098212696,-1.3322207495952645
0.5205964182011031,0.7234177755805428,-0.2733017586199995
-0.40873480052906086,-0.5041876520009317,-0.6784880857170899
0.23462950367525942,-0.09121458151599215,0.44883721748920735
-0.8299493395820846,-0.2988968092474503,-0.2692269496864024
1.1151233773647666,1.0090713687990533,1.1661620345413009
0.17602090575725726,0.3842335456246183,-0.27906069735028594
1.1922444995731674,1.567042965963462,-0.36683913846850214
-1.2660955768237576,-0.41628148475271887,-0.32396743608916545
-0.4935152092007745,-0.014555614624367552,-1.0011345192648384
-0.8925658002780713,-0.4214102881792417,-0.49183320552183485
-0.531941865291501,-1.0646458541228747,-1.5970493269945116
-0.6926096971858243,-1.1118173412584618,0.8216121701120974
-0.1205409342872928,0.3128286115721997,0.5710144570471469
-0.017247143727842716,0.3098036742412982,-0.9058998906627206
-0.04098486469656254,0.2263029787103664,0.30708029095843803
-0.5555238735118273,-0.024245503898850773,0.7872119206090895
0.1874251778886684,-0.12706153104404178,0.010804289416381369
0.8756154955309015,0.9829541125365722,-0.8256858715151378
-0.9022755659889229,-1.216260958872674,-0.44546226955207746
0.000888625001921776,0.031900970082751966,1.84829792984584
-0.07407088917588163,0.4054062636231146,-1.6713005164708612
0.46835463422376244,0.036251473438464854,1.4931812449185262
-0.06385858477376474,0.925367098929276,-0.29671413754615905
-0.015664803595005782,0.5545079040689812,-0.10683228136589432
-0.9910957822281317,-0.10682304857252445,-0.7993609025858284
0.021703839059641333,-0.08821512937283311,0.03402304468781296
-0.9218844892991094,-1.4319823101846643,-0.05909668190485062
0.5157042481640784,0.06326848316873696,-0.648862379092786
-0.10321893428652158,0.19325833839327738,-0.18925873655616954
0.03985841761466474,-0.10761478259818022,-0.8957269909960381
-0.8911903670902938,-0.35226970949288505,-1.4019024622767002
0.803757579941689,0.7182335226425507,3.776331872574424
0.6923139089321741,0.2589742505450843,-0.15363942983519174
0.8615239290498078,1.156326787769594,1.310378954409896
2.2273860809131754,2.457781214699441,2.5337085253826266
-0.05251938229307366,-0.40809011200306,-1.972470569211524
1.2034028358078068,1.21867607965667,0.05618551827716889
-0.12382780642392177,-0.02076515556217716,-1.9400387386437448
0.3940872958402979,0.45570966647790667,0.24120965340865513
0.36533742761293553,0.24021620930926713,-0.9493147465389062
0.2645917633584743,-0.41466730474488445,-0.6326610289355059
0.658256178520381,1.2313668215927156,-0.8768729342925793
-0.3039363803392461,-0.7649450378113993,0.3692581726873885
0.04093228158147673,-0.40256734381054576,0.6377970987019304
0.5353096473418112,0.7563830140852386,2.021666149315474
1.7478539000384907,1.4882205199517407,1.5719796641125767
-0.8423566689824117,-1.0719038561579837,-0.10426818746849076
-1.8061326203829131,-1.7736797845466836,-0.6765323466135014
-0.4840854911476985,-0.4666171383366975,1.6079548838202324
0.08992843298078625,-0.14609834359986437,-1.1596232029695408
0.17497709320369015,0.463244836587925,-0.6353645730267152
0.09221778578673422,-0.5083353304989546,-0.8887390361563606
1.182790122678783,1.127892437718238,-0.20383818800991005
0.9760497927838799,1.5461072431677585,1.6904911924581087
-0.04926790495129596,0.061266772320936906,0.6788654720520757
-0.46954712275218685,-0.8197844022764942,-1.8673609746457507
-0.34600888138250585,-0.6383263459935444,-1.4317334461405045
-0.35630415298259815,-0.2632110843500978,-0.04260499118449401
-0.22559947382813822,-0.4925866226706619,-0.7173041729723539
-1.5726505615429949,-0.6408193132328013,-1.3436380694918957
-0.4610407436426228,-1.2890244436455434,-0.6301167618599757
-0.4248800212959662,0.47957739197509675,0.635136417966202
-0.18888038569796042,-1.1635992153189534,0.9378284706865161
-0.2543000124201234,-0.2239444465777345,-2.084149296863276
0.6720071416275368,-0.0038803889634076993,2.028292135352717
-0.5319433559629919,-0.015463065383012675,-1.0137554315525008
-0.4385777014308822,-0.7378789994332764,-1.5726101722009982
0.5419387546680404,-0.13298292016947832,1.1448452879570747
-0.23531484674423206,-0.3582643684698989,-1.2150132721895417
0.2164547268456756,-0.03234057040535401,-1.04078439000661
0.6693356983561061,-0.43204650745782247,0.3243643000891355
0.4219694947780549,0.5648336677099675,1.7831657424368599
0.25016244798431597,-0.9961827872848421,-1.5677507767727463
-0.19644155767581964,0.4310154099778408,-1.2377648455780532
0.6818941030932071,0.38048284502288976,-1.0096524541225538
0.17554994126500043,0.6169433426691506,-1.0291802053714179
-0.5048527510617483,-0.7041612934100693,-0.6534136610925831
-0.1508091869990102,-0.5172008830041451,-1.4705980165237156
-1.218129377322531,-0.6486294311384747,-0.907751857258865
-0.9615559741469126,-1.0613146581039892,-0.855736225929696
-1.8829080367785338,-2.280129469923048,-1.1607032250554372
-0.6799313816069117,-0.5874835431217903,1.2401040531054
1.3355454216308837,0.37990153444541064,0.34707178255796967
-0.5564888399932533,-0.4516446830776658,-1.0374255457120454
0.7875408171027013,1.3195024043226535,0.1832362058218734
-0.0034498542228016903,0.47857430433966797,-0.4556159804803588
-0.700548823091534,-0.5595131929018459,-0.29718643994330624
1.3382795151279085,0.9877642481513242,1.938117205105053
0.5822058485731421,0.3073719806949533,0.07624533911293008
-1.7518005652801107,-1.7202131501100053,-0.42009682270571846
1.0414021981866897,1.0106586999606568,0.7697648617160047
-1.0747914952232525,-0.9387757442146087,-1.1906792741523087
-0.1779139465826313,-0.3331807332464827,-1.0678262539757974
0.668113421683895,0.6695146071741177,1.3360887572263698
-0.29985316059917977,-1.249070894216481,0.4458584618760856
1.1189440556172074,1.8733953344263754,1.121747425024643
0.7612637605131622,0.9240779296671275,-1.3917460422257366
-1.5768756104869754,-1.9583821490407674,-1.8207269706118183
-0.4724341564337806,-0.3204240695154875,0.12083990341726314
0.2820737332213647,-0.33888358784256295,-0.13521162275014575
-0.574998681265042,-0.7296331152714617,-0.6717267321247773
-0.21627650618113814,-0.6205759166520789,0.29627968697668317
0.7997849113889519,1.185758346531463,-1.019607154892538
0.31678130668345533,-0.7069416882239088,1.1114874771060015
-0.9206190351548597,-0.913691929665244,-2.8143175096381037
0.17460636935363696,-0.6848463864071412,0.27014612977791214
-0.6122696351098722,-0.5000405187391942,-0.03730991794355332
-1.2151923592287868,-1.1310078964302879,-1.7171404641094887
-1.1300558500020657,-1.6074046387837653,-0.6629065489083322
0.2869555371009184,0.9494316370675302,0.7808154959922762
-0.02811370599356217,0.7592304938840845,-0.5598457921733926
0.005431808558425666,-0.27774580444265873,-0.4189467799003114
-1.146209047872416,-0.6560031422650444,-0.3423164902006407
-0.18392954998757557,-0.22154697932162465,0.12254378213130637
-1.0371676077490912,-0.7080137322321333,-0.43667849998232666
-0.9263938335666286,0.02495041519840613,-0.5155576765848614
-0.165126756790438,-0.2664217123269306,-0.7344556155016
-1.3833904513204967,-0.21062861927252108,-2.4403599158527864
0.6692672663671115,0.3913163863784567,-0.35211625216357456
2.486882851272909,1.9427293138466277,1.150932675202706
0.45882324909073774,1.3117173180476924,-1.549990487051452
-1.042903138995506,-0.696713912535282,-1.6329276818874319
-0.27118551415148473,-1.2329192281748846,-1.1719995965447452
-1.5554379435822379,-1.1319489174136197,-1.4911047921254337
-0.37761638129222136,-0.9430197199415817,-0.6058999381422717
0.5073139355693843,-0.4254502984760434,0.8804630172823087
0.5893847661857725,0.00018638117584934832,1.7152150359982274
-1.0317427538584325,-0.6623540126920328,-2.0126736449622507
0.29914565348662464,-0.31736730341674235,0.04890249450482298
1.156408025005446,0.22449716558792998,0.7756719917153322
1.755091585099097,1.214192501998689,0.8815228845085854
-0.7007948826987104,-0.35833058202488954,-1.8938035916358866
-0.8642000120792834,-1.0395491516857045,-0.8045513126595015
0.054415869120395775,-0.6096854973514749,0.31797570740801334
-2.9280901725683814,-3.428818445060802,-3.2053685231127704
-0.5310340011508854,-0.812928444881545,0.03132252570848881
-0.27097496931211884,0.2053742453781927,0.040834467638484195
-0.4593419875378874,0.13357152054612514,0.5523212077350421
-1.5838732281625223,-0.872192856760593,-1.5406106289808763
-0.24555110772965252,-0.28408650729045426,-0.09235924856407979
-0.7766086200556818,-0.5566112041843958,0.34418701873255453
0.7574830584581226,1.2398381695363199,0.3258673275886235
-0.9184748174227628,-1.169118567536735,-0.4564271822101832
-0.28234512976124115,-0.043838315773249176,0.7129998022640702
-0.23294792511840304,-1.1218065381113849,0.6697134622788679
0.5675714213245197,0.7952059681176802,1.3994150055113335
-2.5459046003660784,-2.2622451996642017,-1.920826710286372
-0.34062493579600056,-0.8503156661485591,-0.6227342057305973
0.7596151492736765,0.9941090935524799,1.7440549721962588
-0.3616882372265676,-0.8449680658637395,-0.8645580300056072
-1.5269369663879415,-1.655190412168374,-1.9470958031461536
0.3265981725839574,1.0296877488267078,0.11426715223874812
0.33668690624350883,-0.2536630171800108,0.8787454537402924
-0.2704893919573284,-0.544394026932741,1.3390174780960156
-1.1597957072917302,-1.2694638128399771,0.16149141766679032
-0.7406751455270828,-0.20013964025852982,0.5337155708744346
-0.3137565089364269,-1.1689610558087034,0.37807131605970745
-0.8755328557582861,-0.07522844311272159,-0.719934160181201
-1.9201783483529482,-1.657819610697531,-2.787674464350986
-0.7692867989311631,-0.7738626165468926,-1.3524466070605095
-0.06174393447177569,-0.49773585603099557,0.07811735935167473
-0.5070600672915547,-0.4783737176669793,1.2001200902526556
-0.07557283913840278,0.674738489936658,0.5030414236749386
0.08365797896292382,0.17335257639354418,0.4565532981718311
0.8965755003643204,0.2509903043575445,1.4781728773559553
2.203824123451556,1.589381717436376,0.8636033107371555
0.7317788401264059,0.8526496053908943,0.07159999147001861
-1.4043285465488287,-1.0808003011453367,-0.8878332791397128
-2.656944947302302,-2.2542112536137053,-1.6333230176168991
-0.09446216866931324,0.2267167216371453,-0.6875358583265595
0.07138843525796344,0.23765409076180694,0.6303675690624687
-1.161873305834576,-1.4683566520518543,-3.0442592070372827
0.2720321372020745,-0.7398324663824892,0.7764739232933493
-0.7669395878687968,-0.3633075686797071,0.6607262009272721
0.40266973278163704,1.250857846889286,0.20262803937919455
-0.32551817297182867,-0.6707802355105168,-0.9405300871926583
0.39746259072463846,0.24746421395169543,3.072908510411395
-1.7431951941054324,-0.7175154640317326,-1.693549855789318
-0.43846687509929955,0.5190434826398378,0.945094170155999
-0.1485960064725456,-0.08625886133975344,-0.7980419133134242
-1.4248747250999314,-0.515037143047466,-2.6131699799355372
1.8823382582267307,1.881187591938412,0.3528719227803674
-0.5407734120955239,-0.7105265948607775,0.4553096193424073
1.389971729008376,0.10257157424643704,-0.2676234165740192
-0.6643420911200446,-0.9861874536945345,-2.659868908811209
-0.22997115548100328,0.0006377413180802816,-0.8433153019717199
